Unnamed: 0,type,filename,path,label
2295,webcam,frame_0001.jpg,/notebooks/office_31/webcam/images/desktop_computer/frame_0001.jpg,desktop_computer
2296,webcam,frame_0002.jpg,/notebooks/office_31/webcam/images/desktop_computer/frame_0002.jpg,desktop_computer
2297,webcam,frame_0003.jpg,/notebooks/office_31/webcam/images/desktop_computer/frame_0003.jpg,desktop_computer
2298,webcam,frame_0004.jpg,/notebooks/office_31/webcam/images/desktop_computer/frame_0004.jpg,desktop_computer
2299,webcam,frame_0007.jpg,/notebooks/office_31/webcam/images/desktop_computer/frame_0007.jpg,desktop_computer
2300,webcam,frame_0020.jpg,/notebooks/office_31/webcam/images/desktop_computer/frame_0020.jpg,desktop_computer
2301,webcam,frame_0013.jpg,/notebooks/office_31/webcam/images/desktop_computer/frame_0013.jpg,desktop_computer
2302,webcam,frame_0016.jpg,/notebooks/office_31/webcam/images/desktop_computer/frame_0016.jpg,desktop_computer
2303,webcam,frame_0006.jpg,/notebooks/office_31/webcam/images/desktop_computer/frame_0006.jpg,desktop_computer
2304,webcam,frame_0017.jpg,/notebooks/office_31/webcam/images/desktop_computer/frame_0017.jpg,desktop_computer
2305,webcam,frame_0010.jpg,/notebooks/office_31/webcam/images/desktop_computer/frame_0010.jpg,desktop_computer
2306,webcam,frame_0012.jpg,/notebooks/office_31/webcam/images/desktop_computer/frame_0012.jpg,desktop_computer
2307,webcam,frame_0008.jpg,/notebooks/office_31/webcam/images/desktop_computer/frame_0008.jpg,desktop_computer
2308,webcam,frame_0009.jpg,/notebooks/office_31/webcam/images/desktop_computer/frame_0009.jpg,desktop_computer
2309,webcam,frame_0008.jpg,/notebooks/office_31/webcam/images/bookcase/frame_0008.jpg,bookcase
2310,webcam,frame_0002.jpg,/notebooks/office_31/webcam/images/bookcase/frame_0002.jpg,bookcase
2311,webcam,frame_0003.jpg,/notebooks/office_31/webcam/images/bookcase/frame_0003.jpg,bookcase
2312,webcam,frame_0011.jpg,/notebooks/office_31/webcam/images/bookcase/frame_0011.jpg,bookcase
2313,webcam,frame_0006.jpg,/notebooks/office_31/webcam/images/bookcase/frame_0006.jpg,bookcase
2314,webcam,frame_0001.jpg,/notebooks/office_31/webcam/images/bookcase/frame_0001.jpg,bookcase
2315,webcam,frame_0010.jpg,/notebooks/office_31/webcam/images/bookcase/frame_0010.jpg,bookcase
2316,webcam,frame_0005.jpg,/notebooks/office_31/webcam/images/bookcase/frame_0005.jpg,bookcase
2317,webcam,frame_0002.jpg,/notebooks/office_31/webcam/images/bike_helmet/frame_0002.jpg,bike_helmet
2318,webcam,frame_0001.jpg,/notebooks/office_31/webcam/images/bike_helmet/frame_0001.jpg,bike_helmet
2319,webcam,frame_0003.jpg,/notebooks/office_31/webcam/images/bike_helmet/frame_0003.jpg,bike_helmet
2320,webcam,frame_0020.jpg,/notebooks/office_31/webcam/images/bike_helmet/frame_0020.jpg,bike_helmet
2321,webcam,frame_0025.jpg,/notebooks/office_31/webcam/images/bike_helmet/frame_0025.jpg,bike_helmet
2322,webcam,frame_0010.jpg,/notebooks/office_31/webcam/images/bike_helmet/frame_0010.jpg,bike_helmet
2323,webcam,frame_0018.jpg,/notebooks/office_31/webcam/images/bike_helmet/frame_0018.jpg,bike_helmet
2324,webcam,frame_0007.jpg,/notebooks/office_31/webcam/images/bike_helmet/frame_0007.jpg,bike_helmet
2325,webcam,frame_0011.jpg,/notebooks/office_31/webcam/images/bike_helmet/frame_0011.jpg,bike_helmet
2326,webcam,frame_0006.jpg,/notebooks/office_31/webcam/images/bike_helmet/frame_0006.jpg,bike_helmet
2327,webcam,frame_0023.jpg,/notebooks/office_31/webcam/images/bike_helmet/frame_0023.jpg,bike_helmet
2328,webcam,frame_0004.jpg,/notebooks/office_31/webcam/images/bike_helmet/frame_0004.jpg,bike_helmet
2329,webcam,frame_0026.jpg,/notebooks/office_31/webcam/images/bike_helmet/frame_0026.jpg,bike_helmet
2330,webcam,frame_0014.jpg,/notebooks/office_31/webcam/images/bike_helmet/frame_0014.jpg,bike_helmet
2331,webcam,frame_0019.jpg,/notebooks/office_31/webcam/images/bike_helmet/frame_0019.jpg,bike_helmet
2332,webcam,frame_0022.jpg,/notebooks/office_31/webcam/images/bike_helmet/frame_0022.jpg,bike_helmet
2333,webcam,frame_0015.jpg,/notebooks/office_31/webcam/images/bike_helmet/frame_0015.jpg,bike_helmet
2334,webcam,frame_0021.jpg,/notebooks/office_31/webcam/images/bike_helmet/frame_0021.jpg,bike_helmet
2335,webcam,frame_0017.jpg,/notebooks/office_31/webcam/images/bike_helmet/frame_0017.jpg,bike_helmet
2336,webcam,frame_0013.jpg,/notebooks/office_31/webcam/images/desk_lamp/frame_0013.jpg,desk_lamp
2337,webcam,frame_0005.jpg,/notebooks/office_31/webcam/images/desk_lamp/frame_0005.jpg,desk_lamp
2338,webcam,frame_0001.jpg,/notebooks/office_31/webcam/images/desk_lamp/frame_0001.jpg,desk_lamp
2339,webcam,frame_0002.jpg,/notebooks/office_31/webcam/images/desk_lamp/frame_0002.jpg,desk_lamp
2340,webcam,frame_0012.jpg,/notebooks/office_31/webcam/images/desk_lamp/frame_0012.jpg,desk_lamp
2341,webcam,frame_0003.jpg,/notebooks/office_31/webcam/images/desk_lamp/frame_0003.jpg,desk_lamp
2342,webcam,frame_0009.jpg,/notebooks/office_31/webcam/images/desk_lamp/frame_0009.jpg,desk_lamp
2343,webcam,frame_0004.jpg,/notebooks/office_31/webcam/images/desk_lamp/frame_0004.jpg,desk_lamp
2344,webcam,frame_0006.jpg,/notebooks/office_31/webcam/images/desk_lamp/frame_0006.jpg,desk_lamp
2345,webcam,frame_0008.jpg,/notebooks/office_31/webcam/images/desk_lamp/frame_0008.jpg,desk_lamp
2346,webcam,frame_0011.jpg,/notebooks/office_31/webcam/images/desk_lamp/frame_0011.jpg,desk_lamp
2347,webcam,frame_0007.jpg,/notebooks/office_31/webcam/images/desk_lamp/frame_0007.jpg,desk_lamp
2348,webcam,frame_0016.jpg,/notebooks/office_31/webcam/images/calculator/frame_0016.jpg,calculator
2349,webcam,frame_0018.jpg,/notebooks/office_31/webcam/images/calculator/frame_0018.jpg,calculator
2350,webcam,frame_0005.jpg,/notebooks/office_31/webcam/images/calculator/frame_0005.jpg,calculator
2351,webcam,frame_0015.jpg,/notebooks/office_31/webcam/images/calculator/frame_0015.jpg,calculator
2352,webcam,frame_0023.jpg,/notebooks/office_31/webcam/images/calculator/frame_0023.jpg,calculator
2353,webcam,frame_0012.jpg,/notebooks/office_31/webcam/images/calculator/frame_0012.jpg,calculator
2354,webcam,frame_0017.jpg,/notebooks/office_31/webcam/images/calculator/frame_0017.jpg,calculator
2355,webcam,frame_0006.jpg,/notebooks/office_31/webcam/images/calculator/frame_0006.jpg,calculator
2356,webcam,frame_0013.jpg,/notebooks/office_31/webcam/images/calculator/frame_0013.jpg,calculator
2357,webcam,frame_0003.jpg,/notebooks/office_31/webcam/images/calculator/frame_0003.jpg,calculator
2358,webcam,frame_0022.jpg,/notebooks/office_31/webcam/images/calculator/frame_0022.jpg,calculator
2359,webcam,frame_0020.jpg,/notebooks/office_31/webcam/images/calculator/frame_0020.jpg,calculator
2360,webcam,frame_0019.jpg,/notebooks/office_31/webcam/images/calculator/frame_0019.jpg,calculator
2361,webcam,frame_0009.jpg,/notebooks/office_31/webcam/images/calculator/frame_0009.jpg,calculator
2362,webcam,frame_0014.jpg,/notebooks/office_31/webcam/images/calculator/frame_0014.jpg,calculator
2363,webcam,frame_0011.jpg,/notebooks/office_31/webcam/images/calculator/frame_0011.jpg,calculator
2364,webcam,frame_0010.jpg,/notebooks/office_31/webcam/images/calculator/frame_0010.jpg,calculator
2365,webcam,frame_0002.jpg,/notebooks/office_31/webcam/images/calculator/frame_0002.jpg,calculator
2366,webcam,frame_0004.jpg,/notebooks/office_31/webcam/images/calculator/frame_0004.jpg,calculator
2367,webcam,frame_0008.jpg,/notebooks/office_31/webcam/images/calculator/frame_0008.jpg,calculator
2368,webcam,frame_0001.jpg,/notebooks/office_31/webcam/images/calculator/frame_0001.jpg,calculator
2369,webcam,frame_0012.jpg,/notebooks/office_31/webcam/images/bike/frame_0012.jpg,bike
2370,webcam,frame_0007.jpg,/notebooks/office_31/webcam/images/bike/frame_0007.jpg,bike
2371,webcam,frame_0005.jpg,/notebooks/office_31/webcam/images/bike/frame_0005.jpg,bike
2372,webcam,frame_0011.jpg,/notebooks/office_31/webcam/images/bike/frame_0011.jpg,bike
2373,webcam,frame_0016.jpg,/notebooks/office_31/webcam/images/bike/frame_0016.jpg,bike
2374,webcam,frame_0014.jpg,/notebooks/office_31/webcam/images/bike/frame_0014.jpg,bike
2375,webcam,frame_0009.jpg,/notebooks/office_31/webcam/images/bike/frame_0009.jpg,bike
2376,webcam,frame_0001.jpg,/notebooks/office_31/webcam/images/bike/frame_0001.jpg,bike
2377,webcam,frame_0008.jpg,/notebooks/office_31/webcam/images/bike/frame_0008.jpg,bike
2378,webcam,frame_0013.jpg,/notebooks/office_31/webcam/images/bike/frame_0013.jpg,bike
2379,webcam,frame_0003.jpg,/notebooks/office_31/webcam/images/bike/frame_0003.jpg,bike
2380,webcam,frame_0018.jpg,/notebooks/office_31/webcam/images/bike/frame_0018.jpg,bike
2381,webcam,frame_0006.jpg,/notebooks/office_31/webcam/images/bike/frame_0006.jpg,bike
2382,webcam,frame_0002.jpg,/notebooks/office_31/webcam/images/bike/frame_0002.jpg,bike
2383,webcam,frame_0003.jpg,/notebooks/office_31/webcam/images/back_pack/frame_0003.jpg,back_pack
2384,webcam,frame_0001.jpg,/notebooks/office_31/webcam/images/back_pack/frame_0001.jpg,back_pack
2385,webcam,frame_0005.jpg,/notebooks/office_31/webcam/images/back_pack/frame_0005.jpg,back_pack
2386,webcam,frame_0004.jpg,/notebooks/office_31/webcam/images/back_pack/frame_0004.jpg,back_pack
2387,webcam,frame_0002.jpg,/notebooks/office_31/webcam/images/back_pack/frame_0002.jpg,back_pack
2388,webcam,frame_0011.jpg,/notebooks/office_31/webcam/images/back_pack/frame_0011.jpg,back_pack
2389,webcam,frame_0021.jpg,/notebooks/office_31/webcam/images/back_pack/frame_0021.jpg,back_pack
2390,webcam,frame_0023.jpg,/notebooks/office_31/webcam/images/back_pack/frame_0023.jpg,back_pack
2391,webcam,frame_0018.jpg,/notebooks/office_31/webcam/images/back_pack/frame_0018.jpg,back_pack
2392,webcam,frame_0008.jpg,/notebooks/office_31/webcam/images/back_pack/frame_0008.jpg,back_pack
2393,webcam,frame_0012.jpg,/notebooks/office_31/webcam/images/back_pack/frame_0012.jpg,back_pack
2394,webcam,frame_0026.jpg,/notebooks/office_31/webcam/images/back_pack/frame_0026.jpg,back_pack
2395,webcam,frame_0019.jpg,/notebooks/office_31/webcam/images/back_pack/frame_0019.jpg,back_pack
2396,webcam,frame_0025.jpg,/notebooks/office_31/webcam/images/back_pack/frame_0025.jpg,back_pack
2397,webcam,frame_0007.jpg,/notebooks/office_31/webcam/images/back_pack/frame_0007.jpg,back_pack
2398,webcam,frame_0016.jpg,/notebooks/office_31/webcam/images/back_pack/frame_0016.jpg,back_pack
2399,webcam,frame_0020.jpg,/notebooks/office_31/webcam/images/back_pack/frame_0020.jpg,back_pack
2400,webcam,frame_0014.jpg,/notebooks/office_31/webcam/images/back_pack/frame_0014.jpg,back_pack
2401,webcam,frame_0015.jpg,/notebooks/office_31/webcam/images/back_pack/frame_0015.jpg,back_pack
2402,webcam,frame_0013.jpg,/notebooks/office_31/webcam/images/back_pack/frame_0013.jpg,back_pack
2403,webcam,frame_0013.jpg,/notebooks/office_31/webcam/images/bottle/frame_0013.jpg,bottle
2404,webcam,frame_0007.jpg,/notebooks/office_31/webcam/images/bottle/frame_0007.jpg,bottle
2405,webcam,frame_0005.jpg,/notebooks/office_31/webcam/images/bottle/frame_0005.jpg,bottle
2406,webcam,frame_0011.jpg,/notebooks/office_31/webcam/images/bottle/frame_0011.jpg,bottle
2407,webcam,frame_0002.jpg,/notebooks/office_31/webcam/images/bottle/frame_0002.jpg,bottle
2408,webcam,frame_0004.jpg,/notebooks/office_31/webcam/images/bottle/frame_0004.jpg,bottle
2409,webcam,frame_0008.jpg,/notebooks/office_31/webcam/images/bottle/frame_0008.jpg,bottle
2410,webcam,frame_0012.jpg,/notebooks/office_31/webcam/images/bottle/frame_0012.jpg,bottle
2411,webcam,frame_0014.jpg,/notebooks/office_31/webcam/images/bottle/frame_0014.jpg,bottle
2412,webcam,frame_0009.jpg,/notebooks/office_31/webcam/images/bottle/frame_0009.jpg,bottle
2413,webcam,frame_0006.jpg,/notebooks/office_31/webcam/images/bottle/frame_0006.jpg,bottle
2414,webcam,frame_0003.jpg,/notebooks/office_31/webcam/images/desk_chair/frame_0003.jpg,desk_chair
2415,webcam,frame_0007.jpg,/notebooks/office_31/webcam/images/desk_chair/frame_0007.jpg,desk_chair
2416,webcam,frame_0014.jpg,/notebooks/office_31/webcam/images/desk_chair/frame_0014.jpg,desk_chair
2417,webcam,frame_0006.jpg,/notebooks/office_31/webcam/images/desk_chair/frame_0006.jpg,desk_chair
2418,webcam,frame_0015.jpg,/notebooks/office_31/webcam/images/desk_chair/frame_0015.jpg,desk_chair
2419,webcam,frame_0008.jpg,/notebooks/office_31/webcam/images/desk_chair/frame_0008.jpg,desk_chair
2420,webcam,frame_0004.jpg,/notebooks/office_31/webcam/images/desk_chair/frame_0004.jpg,desk_chair
2421,webcam,frame_0005.jpg,/notebooks/office_31/webcam/images/desk_chair/frame_0005.jpg,desk_chair
2422,webcam,frame_0013.jpg,/notebooks/office_31/webcam/images/desk_chair/frame_0013.jpg,desk_chair
2423,webcam,frame_0001.jpg,/notebooks/office_31/webcam/images/desk_chair/frame_0001.jpg,desk_chair
2424,webcam,frame_0016.jpg,/notebooks/office_31/webcam/images/desk_chair/frame_0016.jpg,desk_chair
2425,webcam,frame_0002.jpg,/notebooks/office_31/webcam/images/desk_chair/frame_0002.jpg,desk_chair
2426,webcam,frame_0011.jpg,/notebooks/office_31/webcam/images/desk_chair/frame_0011.jpg,desk_chair
2427,webcam,frame_0012.jpg,/notebooks/office_31/webcam/images/desk_chair/frame_0012.jpg,desk_chair
2428,webcam,frame_0010.jpg,/notebooks/office_31/webcam/images/desk_chair/frame_0010.jpg,desk_chair
2429,webcam,frame_0009.jpg,/notebooks/office_31/webcam/images/desk_chair/frame_0009.jpg,desk_chair
2430,webcam,frame_0028.jpg,/notebooks/office_31/webcam/images/desk_chair/frame_0028.jpg,desk_chair
2431,webcam,frame_0036.jpg,/notebooks/office_31/webcam/images/desk_chair/frame_0036.jpg,desk_chair
2432,webcam,frame_0022.jpg,/notebooks/office_31/webcam/images/desk_chair/frame_0022.jpg,desk_chair
2433,webcam,frame_0024.jpg,/notebooks/office_31/webcam/images/desk_chair/frame_0024.jpg,desk_chair
2434,webcam,frame_0019.jpg,/notebooks/office_31/webcam/images/desk_chair/frame_0019.jpg,desk_chair
2435,webcam,frame_0035.jpg,/notebooks/office_31/webcam/images/desk_chair/frame_0035.jpg,desk_chair
2436,webcam,frame_0034.jpg,/notebooks/office_31/webcam/images/desk_chair/frame_0034.jpg,desk_chair
2437,webcam,frame_0031.jpg,/notebooks/office_31/webcam/images/desk_chair/frame_0031.jpg,desk_chair
2438,webcam,frame_0018.jpg,/notebooks/office_31/webcam/images/desk_chair/frame_0018.jpg,desk_chair
2439,webcam,frame_0020.jpg,/notebooks/office_31/webcam/images/desk_chair/frame_0020.jpg,desk_chair
2440,webcam,frame_0025.jpg,/notebooks/office_31/webcam/images/desk_chair/frame_0025.jpg,desk_chair
2441,webcam,frame_0023.jpg,/notebooks/office_31/webcam/images/desk_chair/frame_0023.jpg,desk_chair
2442,webcam,frame_0010.jpg,/notebooks/office_31/webcam/images/file_cabinet/frame_0010.jpg,file_cabinet
2443,webcam,frame_0003.jpg,/notebooks/office_31/webcam/images/file_cabinet/frame_0003.jpg,file_cabinet
2444,webcam,frame_0002.jpg,/notebooks/office_31/webcam/images/file_cabinet/frame_0002.jpg,file_cabinet
2445,webcam,frame_0008.jpg,/notebooks/office_31/webcam/images/file_cabinet/frame_0008.jpg,file_cabinet
2446,webcam,frame_0005.jpg,/notebooks/office_31/webcam/images/file_cabinet/frame_0005.jpg,file_cabinet
2447,webcam,frame_0006.jpg,/notebooks/office_31/webcam/images/file_cabinet/frame_0006.jpg,file_cabinet
2448,webcam,frame_0004.jpg,/notebooks/office_31/webcam/images/file_cabinet/frame_0004.jpg,file_cabinet
2449,webcam,frame_0009.jpg,/notebooks/office_31/webcam/images/file_cabinet/frame_0009.jpg,file_cabinet
2450,webcam,frame_0007.jpg,/notebooks/office_31/webcam/images/file_cabinet/frame_0007.jpg,file_cabinet
2451,webcam,frame_0001.jpg,/notebooks/office_31/webcam/images/file_cabinet/frame_0001.jpg,file_cabinet
2452,webcam,frame_0018.jpg,/notebooks/office_31/webcam/images/file_cabinet/frame_0018.jpg,file_cabinet
2453,webcam,frame_0017.jpg,/notebooks/office_31/webcam/images/file_cabinet/frame_0017.jpg,file_cabinet
2454,webcam,frame_0016.jpg,/notebooks/office_31/webcam/images/file_cabinet/frame_0016.jpg,file_cabinet
2455,webcam,frame_0014.jpg,/notebooks/office_31/webcam/images/keyboard/frame_0014.jpg,keyboard
2456,webcam,frame_0018.jpg,/notebooks/office_31/webcam/images/keyboard/frame_0018.jpg,keyboard
2457,webcam,frame_0010.jpg,/notebooks/office_31/webcam/images/keyboard/frame_0010.jpg,keyboard
2458,webcam,frame_0007.jpg,/notebooks/office_31/webcam/images/keyboard/frame_0007.jpg,keyboard
2459,webcam,frame_0004.jpg,/notebooks/office_31/webcam/images/keyboard/frame_0004.jpg,keyboard
2460,webcam,frame_0008.jpg,/notebooks/office_31/webcam/images/keyboard/frame_0008.jpg,keyboard
2461,webcam,frame_0017.jpg,/notebooks/office_31/webcam/images/keyboard/frame_0017.jpg,keyboard
2462,webcam,frame_0009.jpg,/notebooks/office_31/webcam/images/keyboard/frame_0009.jpg,keyboard
2463,webcam,frame_0002.jpg,/notebooks/office_31/webcam/images/keyboard/frame_0002.jpg,keyboard
2464,webcam,frame_0003.jpg,/notebooks/office_31/webcam/images/keyboard/frame_0003.jpg,keyboard
2465,webcam,frame_0001.jpg,/notebooks/office_31/webcam/images/keyboard/frame_0001.jpg,keyboard
2466,webcam,frame_0006.jpg,/notebooks/office_31/webcam/images/keyboard/frame_0006.jpg,keyboard
2467,webcam,frame_0011.jpg,/notebooks/office_31/webcam/images/keyboard/frame_0011.jpg,keyboard
2468,webcam,frame_0005.jpg,/notebooks/office_31/webcam/images/keyboard/frame_0005.jpg,keyboard
2469,webcam,frame_0013.jpg,/notebooks/office_31/webcam/images/keyboard/frame_0013.jpg,keyboard
2470,webcam,frame_0012.jpg,/notebooks/office_31/webcam/images/keyboard/frame_0012.jpg,keyboard
2471,webcam,frame_0016.jpg,/notebooks/office_31/webcam/images/keyboard/frame_0016.jpg,keyboard
2472,webcam,frame_0015.jpg,/notebooks/office_31/webcam/images/keyboard/frame_0015.jpg,keyboard
2473,webcam,frame_0004.jpg,/notebooks/office_31/webcam/images/mug/frame_0004.jpg,mug
2474,webcam,frame_0002.jpg,/notebooks/office_31/webcam/images/mug/frame_0002.jpg,mug
2475,webcam,frame_0006.jpg,/notebooks/office_31/webcam/images/mug/frame_0006.jpg,mug
2476,webcam,frame_0005.jpg,/notebooks/office_31/webcam/images/mug/frame_0005.jpg,mug
2477,webcam,frame_0001.jpg,/notebooks/office_31/webcam/images/mug/frame_0001.jpg,mug
2478,webcam,frame_0003.jpg,/notebooks/office_31/webcam/images/mug/frame_0003.jpg,mug
2479,webcam,frame_0007.jpg,/notebooks/office_31/webcam/images/mug/frame_0007.jpg,mug
2480,webcam,frame_0011.jpg,/notebooks/office_31/webcam/images/mug/frame_0011.jpg,mug
2481,webcam,frame_0009.jpg,/notebooks/office_31/webcam/images/mug/frame_0009.jpg,mug
2482,webcam,frame_0013.jpg,/notebooks/office_31/webcam/images/mug/frame_0013.jpg,mug
2483,webcam,frame_0022.jpg,/notebooks/office_31/webcam/images/mug/frame_0022.jpg,mug
2484,webcam,frame_0023.jpg,/notebooks/office_31/webcam/images/mug/frame_0023.jpg,mug
2485,webcam,frame_0015.jpg,/notebooks/office_31/webcam/images/mug/frame_0015.jpg,mug
2486,webcam,frame_0008.jpg,/notebooks/office_31/webcam/images/mug/frame_0008.jpg,mug
2487,webcam,frame_0021.jpg,/notebooks/office_31/webcam/images/mug/frame_0021.jpg,mug
2488,webcam,frame_0018.jpg,/notebooks/office_31/webcam/images/mug/frame_0018.jpg,mug
2489,webcam,frame_0017.jpg,/notebooks/office_31/webcam/images/mug/frame_0017.jpg,mug
2490,webcam,frame_0026.jpg,/notebooks/office_31/webcam/images/mug/frame_0026.jpg,mug
2491,webcam,frame_0001.jpg,/notebooks/office_31/webcam/images/mouse/frame_0001.jpg,mouse
2492,webcam,frame_0008.jpg,/notebooks/office_31/webcam/images/mouse/frame_0008.jpg,mouse
2493,webcam,frame_0004.jpg,/notebooks/office_31/webcam/images/mouse/frame_0004.jpg,mouse
2494,webcam,frame_0002.jpg,/notebooks/office_31/webcam/images/mouse/frame_0002.jpg,mouse
2495,webcam,frame_0003.jpg,/notebooks/office_31/webcam/images/mouse/frame_0003.jpg,mouse
2496,webcam,frame_0005.jpg,/notebooks/office_31/webcam/images/mouse/frame_0005.jpg,mouse
2497,webcam,frame_0009.jpg,/notebooks/office_31/webcam/images/mouse/frame_0009.jpg,mouse
2498,webcam,frame_0007.jpg,/notebooks/office_31/webcam/images/mouse/frame_0007.jpg,mouse
2499,webcam,frame_0006.jpg,/notebooks/office_31/webcam/images/mouse/frame_0006.jpg,mouse
2500,webcam,frame_0028.jpg,/notebooks/office_31/webcam/images/mouse/frame_0028.jpg,mouse
2501,webcam,frame_0026.jpg,/notebooks/office_31/webcam/images/mouse/frame_0026.jpg,mouse
2502,webcam,frame_0030.jpg,/notebooks/office_31/webcam/images/mouse/frame_0030.jpg,mouse
2503,webcam,frame_0011.jpg,/notebooks/office_31/webcam/images/mouse/frame_0011.jpg,mouse
2504,webcam,frame_0014.jpg,/notebooks/office_31/webcam/images/mouse/frame_0014.jpg,mouse
2505,webcam,frame_0022.jpg,/notebooks/office_31/webcam/images/mouse/frame_0022.jpg,mouse
2506,webcam,frame_0020.jpg,/notebooks/office_31/webcam/images/mouse/frame_0020.jpg,mouse
2507,webcam,frame_0010.jpg,/notebooks/office_31/webcam/images/mouse/frame_0010.jpg,mouse
2508,webcam,frame_0016.jpg,/notebooks/office_31/webcam/images/mouse/frame_0016.jpg,mouse
2509,webcam,frame_0018.jpg,/notebooks/office_31/webcam/images/mouse/frame_0018.jpg,mouse
2510,webcam,frame_0023.jpg,/notebooks/office_31/webcam/images/mouse/frame_0023.jpg,mouse
2511,webcam,frame_0019.jpg,/notebooks/office_31/webcam/images/mouse/frame_0019.jpg,mouse
2512,webcam,frame_0014.jpg,/notebooks/office_31/webcam/images/headphones/frame_0014.jpg,headphones
2513,webcam,frame_0012.jpg,/notebooks/office_31/webcam/images/headphones/frame_0012.jpg,headphones
2514,webcam,frame_0021.jpg,/notebooks/office_31/webcam/images/headphones/frame_0021.jpg,headphones
2515,webcam,frame_0005.jpg,/notebooks/office_31/webcam/images/headphones/frame_0005.jpg,headphones
2516,webcam,frame_0022.jpg,/notebooks/office_31/webcam/images/headphones/frame_0022.jpg,headphones
2517,webcam,frame_0004.jpg,/notebooks/office_31/webcam/images/headphones/frame_0004.jpg,headphones
2518,webcam,frame_0001.jpg,/notebooks/office_31/webcam/images/headphones/frame_0001.jpg,headphones
2519,webcam,frame_0002.jpg,/notebooks/office_31/webcam/images/headphones/frame_0002.jpg,headphones
2520,webcam,frame_0019.jpg,/notebooks/office_31/webcam/images/headphones/frame_0019.jpg,headphones
2521,webcam,frame_0016.jpg,/notebooks/office_31/webcam/images/headphones/frame_0016.jpg,headphones
2522,webcam,frame_0015.jpg,/notebooks/office_31/webcam/images/headphones/frame_0015.jpg,headphones
2523,webcam,frame_0020.jpg,/notebooks/office_31/webcam/images/headphones/frame_0020.jpg,headphones
2524,webcam,frame_0011.jpg,/notebooks/office_31/webcam/images/headphones/frame_0011.jpg,headphones
2525,webcam,frame_0017.jpg,/notebooks/office_31/webcam/images/headphones/frame_0017.jpg,headphones
2526,webcam,frame_0009.jpg,/notebooks/office_31/webcam/images/headphones/frame_0009.jpg,headphones
2527,webcam,frame_0006.jpg,/notebooks/office_31/webcam/images/headphones/frame_0006.jpg,headphones
2528,webcam,frame_0013.jpg,/notebooks/office_31/webcam/images/headphones/frame_0013.jpg,headphones
2529,webcam,frame_0010.jpg,/notebooks/office_31/webcam/images/headphones/frame_0010.jpg,headphones
2530,webcam,frame_0006.jpg,/notebooks/office_31/webcam/images/laptop_computer/frame_0006.jpg,laptop_computer
2531,webcam,frame_0005.jpg,/notebooks/office_31/webcam/images/laptop_computer/frame_0005.jpg,laptop_computer
2532,webcam,frame_0007.jpg,/notebooks/office_31/webcam/images/laptop_computer/frame_0007.jpg,laptop_computer
2533,webcam,frame_0004.jpg,/notebooks/office_31/webcam/images/laptop_computer/frame_0004.jpg,laptop_computer
2534,webcam,frame_0009.jpg,/notebooks/office_31/webcam/images/laptop_computer/frame_0009.jpg,laptop_computer
2535,webcam,frame_0010.jpg,/notebooks/office_31/webcam/images/laptop_computer/frame_0010.jpg,laptop_computer
2536,webcam,frame_0001.jpg,/notebooks/office_31/webcam/images/laptop_computer/frame_0001.jpg,laptop_computer
2537,webcam,frame_0003.jpg,/notebooks/office_31/webcam/images/laptop_computer/frame_0003.jpg,laptop_computer
2538,webcam,frame_0002.jpg,/notebooks/office_31/webcam/images/laptop_computer/frame_0002.jpg,laptop_computer
2539,webcam,frame_0008.jpg,/notebooks/office_31/webcam/images/laptop_computer/frame_0008.jpg,laptop_computer
2540,webcam,frame_0013.jpg,/notebooks/office_31/webcam/images/laptop_computer/frame_0013.jpg,laptop_computer
2541,webcam,frame_0011.jpg,/notebooks/office_31/webcam/images/laptop_computer/frame_0011.jpg,laptop_computer
2542,webcam,frame_0026.jpg,/notebooks/office_31/webcam/images/laptop_computer/frame_0026.jpg,laptop_computer
2543,webcam,frame_0025.jpg,/notebooks/office_31/webcam/images/laptop_computer/frame_0025.jpg,laptop_computer
2544,webcam,frame_0029.jpg,/notebooks/office_31/webcam/images/laptop_computer/frame_0029.jpg,laptop_computer
2545,webcam,frame_0015.jpg,/notebooks/office_31/webcam/images/laptop_computer/frame_0015.jpg,laptop_computer
2546,webcam,frame_0020.jpg,/notebooks/office_31/webcam/images/laptop_computer/frame_0020.jpg,laptop_computer
2547,webcam,frame_0027.jpg,/notebooks/office_31/webcam/images/laptop_computer/frame_0027.jpg,laptop_computer
2548,webcam,frame_0022.jpg,/notebooks/office_31/webcam/images/laptop_computer/frame_0022.jpg,laptop_computer
2549,webcam,frame_0030.jpg,/notebooks/office_31/webcam/images/laptop_computer/frame_0030.jpg,laptop_computer
2550,webcam,frame_0019.jpg,/notebooks/office_31/webcam/images/laptop_computer/frame_0019.jpg,laptop_computer
2551,webcam,frame_0009.jpg,/notebooks/office_31/webcam/images/mobile_phone/frame_0009.jpg,mobile_phone
2552,webcam,frame_0014.jpg,/notebooks/office_31/webcam/images/mobile_phone/frame_0014.jpg,mobile_phone
2553,webcam,frame_0003.jpg,/notebooks/office_31/webcam/images/mobile_phone/frame_0003.jpg,mobile_phone
2554,webcam,frame_0007.jpg,/notebooks/office_31/webcam/images/mobile_phone/frame_0007.jpg,mobile_phone
2555,webcam,frame_0004.jpg,/notebooks/office_31/webcam/images/mobile_phone/frame_0004.jpg,mobile_phone
2556,webcam,frame_0017.jpg,/notebooks/office_31/webcam/images/mobile_phone/frame_0017.jpg,mobile_phone
2557,webcam,frame_0005.jpg,/notebooks/office_31/webcam/images/mobile_phone/frame_0005.jpg,mobile_phone
2558,webcam,frame_0011.jpg,/notebooks/office_31/webcam/images/mobile_phone/frame_0011.jpg,mobile_phone
2559,webcam,frame_0016.jpg,/notebooks/office_31/webcam/images/mobile_phone/frame_0016.jpg,mobile_phone
2560,webcam,frame_0006.jpg,/notebooks/office_31/webcam/images/mobile_phone/frame_0006.jpg,mobile_phone
2561,webcam,frame_0012.jpg,/notebooks/office_31/webcam/images/mobile_phone/frame_0012.jpg,mobile_phone
2562,webcam,frame_0008.jpg,/notebooks/office_31/webcam/images/mobile_phone/frame_0008.jpg,mobile_phone
2563,webcam,frame_0013.jpg,/notebooks/office_31/webcam/images/mobile_phone/frame_0013.jpg,mobile_phone
2564,webcam,frame_0015.jpg,/notebooks/office_31/webcam/images/mobile_phone/frame_0015.jpg,mobile_phone
2565,webcam,frame_0001.jpg,/notebooks/office_31/webcam/images/mobile_phone/frame_0001.jpg,mobile_phone
2566,webcam,frame_0010.jpg,/notebooks/office_31/webcam/images/mobile_phone/frame_0010.jpg,mobile_phone
2567,webcam,frame_0002.jpg,/notebooks/office_31/webcam/images/mobile_phone/frame_0002.jpg,mobile_phone
2568,webcam,frame_0026.jpg,/notebooks/office_31/webcam/images/mobile_phone/frame_0026.jpg,mobile_phone
2569,webcam,frame_0027.jpg,/notebooks/office_31/webcam/images/mobile_phone/frame_0027.jpg,mobile_phone
2570,webcam,frame_0028.jpg,/notebooks/office_31/webcam/images/mobile_phone/frame_0028.jpg,mobile_phone
2571,webcam,frame_0030.jpg,/notebooks/office_31/webcam/images/mobile_phone/frame_0030.jpg,mobile_phone
2572,webcam,frame_0003.jpg,/notebooks/office_31/webcam/images/letter_tray/frame_0003.jpg,letter_tray
2573,webcam,frame_0002.jpg,/notebooks/office_31/webcam/images/letter_tray/frame_0002.jpg,letter_tray
2574,webcam,frame_0001.jpg,/notebooks/office_31/webcam/images/letter_tray/frame_0001.jpg,letter_tray
2575,webcam,frame_0015.jpg,/notebooks/office_31/webcam/images/letter_tray/frame_0015.jpg,letter_tray
2576,webcam,frame_0005.jpg,/notebooks/office_31/webcam/images/letter_tray/frame_0005.jpg,letter_tray
2577,webcam,frame_0004.jpg,/notebooks/office_31/webcam/images/letter_tray/frame_0004.jpg,letter_tray
2578,webcam,frame_0010.jpg,/notebooks/office_31/webcam/images/letter_tray/frame_0010.jpg,letter_tray
2579,webcam,frame_0012.jpg,/notebooks/office_31/webcam/images/letter_tray/frame_0012.jpg,letter_tray
2580,webcam,frame_0016.jpg,/notebooks/office_31/webcam/images/letter_tray/frame_0016.jpg,letter_tray
2581,webcam,frame_0019.jpg,/notebooks/office_31/webcam/images/letter_tray/frame_0019.jpg,letter_tray
2582,webcam,frame_0018.jpg,/notebooks/office_31/webcam/images/letter_tray/frame_0018.jpg,letter_tray
2583,webcam,frame_0006.jpg,/notebooks/office_31/webcam/images/letter_tray/frame_0006.jpg,letter_tray
2584,webcam,frame_0014.jpg,/notebooks/office_31/webcam/images/letter_tray/frame_0014.jpg,letter_tray
2585,webcam,frame_0001.jpg,/notebooks/office_31/webcam/images/paper_notebook/frame_0001.jpg,paper_notebook
2586,webcam,frame_0004.jpg,/notebooks/office_31/webcam/images/paper_notebook/frame_0004.jpg,paper_notebook
2587,webcam,frame_0008.jpg,/notebooks/office_31/webcam/images/paper_notebook/frame_0008.jpg,paper_notebook
2588,webcam,frame_0007.jpg,/notebooks/office_31/webcam/images/paper_notebook/frame_0007.jpg,paper_notebook
2589,webcam,frame_0002.jpg,/notebooks/office_31/webcam/images/paper_notebook/frame_0002.jpg,paper_notebook
2590,webcam,frame_0006.jpg,/notebooks/office_31/webcam/images/paper_notebook/frame_0006.jpg,paper_notebook
2591,webcam,frame_0005.jpg,/notebooks/office_31/webcam/images/paper_notebook/frame_0005.jpg,paper_notebook
2592,webcam,frame_0003.jpg,/notebooks/office_31/webcam/images/paper_notebook/frame_0003.jpg,paper_notebook
2593,webcam,frame_0019.jpg,/notebooks/office_31/webcam/images/paper_notebook/frame_0019.jpg,paper_notebook
2594,webcam,frame_0024.jpg,/notebooks/office_31/webcam/images/paper_notebook/frame_0024.jpg,paper_notebook
2595,webcam,frame_0015.jpg,/notebooks/office_31/webcam/images/paper_notebook/frame_0015.jpg,paper_notebook
2596,webcam,frame_0016.jpg,/notebooks/office_31/webcam/images/paper_notebook/frame_0016.jpg,paper_notebook
2597,webcam,frame_0013.jpg,/notebooks/office_31/webcam/images/paper_notebook/frame_0013.jpg,paper_notebook
2598,webcam,frame_0012.jpg,/notebooks/office_31/webcam/images/paper_notebook/frame_0012.jpg,paper_notebook
2599,webcam,frame_0026.jpg,/notebooks/office_31/webcam/images/paper_notebook/frame_0026.jpg,paper_notebook
2600,webcam,frame_0017.jpg,/notebooks/office_31/webcam/images/paper_notebook/frame_0017.jpg,paper_notebook
2601,webcam,frame_0010.jpg,/notebooks/office_31/webcam/images/paper_notebook/frame_0010.jpg,paper_notebook
2602,webcam,frame_0020.jpg,/notebooks/office_31/webcam/images/paper_notebook/frame_0020.jpg,paper_notebook
2603,webcam,frame_0014.jpg,/notebooks/office_31/webcam/images/paper_notebook/frame_0014.jpg,paper_notebook
2604,webcam,frame_0008.jpg,/notebooks/office_31/webcam/images/monitor/frame_0008.jpg,monitor
2605,webcam,frame_0003.jpg,/notebooks/office_31/webcam/images/monitor/frame_0003.jpg,monitor
2606,webcam,frame_0011.jpg,/notebooks/office_31/webcam/images/monitor/frame_0011.jpg,monitor
2607,webcam,frame_0007.jpg,/notebooks/office_31/webcam/images/monitor/frame_0007.jpg,monitor
2608,webcam,frame_0001.jpg,/notebooks/office_31/webcam/images/monitor/frame_0001.jpg,monitor
2609,webcam,frame_0013.jpg,/notebooks/office_31/webcam/images/monitor/frame_0013.jpg,monitor
2610,webcam,frame_0004.jpg,/notebooks/office_31/webcam/images/monitor/frame_0004.jpg,monitor
2611,webcam,frame_0002.jpg,/notebooks/office_31/webcam/images/monitor/frame_0002.jpg,monitor
2612,webcam,frame_0006.jpg,/notebooks/office_31/webcam/images/monitor/frame_0006.jpg,monitor
2613,webcam,frame_0010.jpg,/notebooks/office_31/webcam/images/monitor/frame_0010.jpg,monitor
2614,webcam,frame_0012.jpg,/notebooks/office_31/webcam/images/monitor/frame_0012.jpg,monitor
2615,webcam,frame_0005.jpg,/notebooks/office_31/webcam/images/monitor/frame_0005.jpg,monitor
2616,webcam,frame_0009.jpg,/notebooks/office_31/webcam/images/monitor/frame_0009.jpg,monitor
2617,webcam,frame_0026.jpg,/notebooks/office_31/webcam/images/monitor/frame_0026.jpg,monitor
2618,webcam,frame_0015.jpg,/notebooks/office_31/webcam/images/monitor/frame_0015.jpg,monitor
2619,webcam,frame_0025.jpg,/notebooks/office_31/webcam/images/monitor/frame_0025.jpg,monitor
2620,webcam,frame_0029.jpg,/notebooks/office_31/webcam/images/monitor/frame_0029.jpg,monitor
2621,webcam,frame_0018.jpg,/notebooks/office_31/webcam/images/monitor/frame_0018.jpg,monitor
2622,webcam,frame_0033.jpg,/notebooks/office_31/webcam/images/monitor/frame_0033.jpg,monitor
2623,webcam,frame_0028.jpg,/notebooks/office_31/webcam/images/monitor/frame_0028.jpg,monitor
2624,webcam,frame_0022.jpg,/notebooks/office_31/webcam/images/monitor/frame_0022.jpg,monitor
2625,webcam,frame_0024.jpg,/notebooks/office_31/webcam/images/monitor/frame_0024.jpg,monitor
2626,webcam,frame_0035.jpg,/notebooks/office_31/webcam/images/monitor/frame_0035.jpg,monitor
2627,webcam,frame_0032.jpg,/notebooks/office_31/webcam/images/monitor/frame_0032.jpg,monitor
2628,webcam,frame_0017.jpg,/notebooks/office_31/webcam/images/monitor/frame_0017.jpg,monitor
2629,webcam,frame_0036.jpg,/notebooks/office_31/webcam/images/monitor/frame_0036.jpg,monitor
2630,webcam,frame_0020.jpg,/notebooks/office_31/webcam/images/monitor/frame_0020.jpg,monitor
2631,webcam,frame_0023.jpg,/notebooks/office_31/webcam/images/monitor/frame_0023.jpg,monitor
2632,webcam,frame_0034.jpg,/notebooks/office_31/webcam/images/monitor/frame_0034.jpg,monitor
2633,webcam,frame_0031.jpg,/notebooks/office_31/webcam/images/monitor/frame_0031.jpg,monitor
2634,webcam,frame_0002.jpg,/notebooks/office_31/webcam/images/pen/frame_0002.jpg,pen
2635,webcam,frame_0003.jpg,/notebooks/office_31/webcam/images/pen/frame_0003.jpg,pen
2636,webcam,frame_0001.jpg,/notebooks/office_31/webcam/images/pen/frame_0001.jpg,pen
2637,webcam,frame_0004.jpg,/notebooks/office_31/webcam/images/pen/frame_0004.jpg,pen
2638,webcam,frame_0005.jpg,/notebooks/office_31/webcam/images/pen/frame_0005.jpg,pen
2639,webcam,frame_0006.jpg,/notebooks/office_31/webcam/images/pen/frame_0006.jpg,pen
2640,webcam,frame_0007.jpg,/notebooks/office_31/webcam/images/pen/frame_0007.jpg,pen
2641,webcam,frame_0009.jpg,/notebooks/office_31/webcam/images/pen/frame_0009.jpg,pen
2642,webcam,frame_0016.jpg,/notebooks/office_31/webcam/images/pen/frame_0016.jpg,pen
2643,webcam,frame_0031.jpg,/notebooks/office_31/webcam/images/pen/frame_0031.jpg,pen
2644,webcam,frame_0029.jpg,/notebooks/office_31/webcam/images/pen/frame_0029.jpg,pen
2645,webcam,frame_0018.jpg,/notebooks/office_31/webcam/images/pen/frame_0018.jpg,pen
2646,webcam,frame_0021.jpg,/notebooks/office_31/webcam/images/pen/frame_0021.jpg,pen
2647,webcam,frame_0030.jpg,/notebooks/office_31/webcam/images/pen/frame_0030.jpg,pen
2648,webcam,frame_0019.jpg,/notebooks/office_31/webcam/images/pen/frame_0019.jpg,pen
2649,webcam,frame_0014.jpg,/notebooks/office_31/webcam/images/pen/frame_0014.jpg,pen
2650,webcam,frame_0023.jpg,/notebooks/office_31/webcam/images/pen/frame_0023.jpg,pen
2651,webcam,frame_0024.jpg,/notebooks/office_31/webcam/images/pen/frame_0024.jpg,pen
2652,webcam,frame_0008.jpg,/notebooks/office_31/webcam/images/pen/frame_0008.jpg,pen
2653,webcam,frame_0011.jpg,/notebooks/office_31/webcam/images/pen/frame_0011.jpg,pen
2654,webcam,frame_0032.jpg,/notebooks/office_31/webcam/images/pen/frame_0032.jpg,pen
2655,webcam,frame_0010.jpg,/notebooks/office_31/webcam/images/pen/frame_0010.jpg,pen
2656,webcam,frame_0002.jpg,/notebooks/office_31/webcam/images/ruler/frame_0002.jpg,ruler
2657,webcam,frame_0001.jpg,/notebooks/office_31/webcam/images/ruler/frame_0001.jpg,ruler
2658,webcam,frame_0003.jpg,/notebooks/office_31/webcam/images/ruler/frame_0003.jpg,ruler
2659,webcam,frame_0004.jpg,/notebooks/office_31/webcam/images/ruler/frame_0004.jpg,ruler
2660,webcam,frame_0009.jpg,/notebooks/office_31/webcam/images/ruler/frame_0009.jpg,ruler
2661,webcam,frame_0011.jpg,/notebooks/office_31/webcam/images/ruler/frame_0011.jpg,ruler
2662,webcam,frame_0005.jpg,/notebooks/office_31/webcam/images/ruler/frame_0005.jpg,ruler
2663,webcam,frame_0020.jpg,/notebooks/office_31/webcam/images/printer/frame_0020.jpg,printer
2664,webcam,frame_0014.jpg,/notebooks/office_31/webcam/images/printer/frame_0014.jpg,printer
2665,webcam,frame_0005.jpg,/notebooks/office_31/webcam/images/printer/frame_0005.jpg,printer
2666,webcam,frame_0002.jpg,/notebooks/office_31/webcam/images/printer/frame_0002.jpg,printer
2667,webcam,frame_0011.jpg,/notebooks/office_31/webcam/images/printer/frame_0011.jpg,printer
2668,webcam,frame_0007.jpg,/notebooks/office_31/webcam/images/printer/frame_0007.jpg,printer
2669,webcam,frame_0009.jpg,/notebooks/office_31/webcam/images/printer/frame_0009.jpg,printer
2670,webcam,frame_0019.jpg,/notebooks/office_31/webcam/images/printer/frame_0019.jpg,printer
2671,webcam,frame_0010.jpg,/notebooks/office_31/webcam/images/printer/frame_0010.jpg,printer
2672,webcam,frame_0015.jpg,/notebooks/office_31/webcam/images/printer/frame_0015.jpg,printer
2673,webcam,frame_0003.jpg,/notebooks/office_31/webcam/images/printer/frame_0003.jpg,printer
2674,webcam,frame_0018.jpg,/notebooks/office_31/webcam/images/printer/frame_0018.jpg,printer
2675,webcam,frame_0008.jpg,/notebooks/office_31/webcam/images/printer/frame_0008.jpg,printer
2676,webcam,frame_0013.jpg,/notebooks/office_31/webcam/images/printer/frame_0013.jpg,printer
2677,webcam,frame_0004.jpg,/notebooks/office_31/webcam/images/scissors/frame_0004.jpg,scissors
2678,webcam,frame_0005.jpg,/notebooks/office_31/webcam/images/scissors/frame_0005.jpg,scissors
2679,webcam,frame_0003.jpg,/notebooks/office_31/webcam/images/scissors/frame_0003.jpg,scissors
2680,webcam,frame_0006.jpg,/notebooks/office_31/webcam/images/scissors/frame_0006.jpg,scissors
2681,webcam,frame_0001.jpg,/notebooks/office_31/webcam/images/scissors/frame_0001.jpg,scissors
2682,webcam,frame_0002.jpg,/notebooks/office_31/webcam/images/scissors/frame_0002.jpg,scissors
2683,webcam,frame_0015.jpg,/notebooks/office_31/webcam/images/scissors/frame_0015.jpg,scissors
2684,webcam,frame_0025.jpg,/notebooks/office_31/webcam/images/scissors/frame_0025.jpg,scissors
2685,webcam,frame_0022.jpg,/notebooks/office_31/webcam/images/scissors/frame_0022.jpg,scissors
2686,webcam,frame_0016.jpg,/notebooks/office_31/webcam/images/scissors/frame_0016.jpg,scissors
2687,webcam,frame_0023.jpg,/notebooks/office_31/webcam/images/scissors/frame_0023.jpg,scissors
2688,webcam,frame_0018.jpg,/notebooks/office_31/webcam/images/scissors/frame_0018.jpg,scissors
2689,webcam,frame_0019.jpg,/notebooks/office_31/webcam/images/scissors/frame_0019.jpg,scissors
2690,webcam,frame_0009.jpg,/notebooks/office_31/webcam/images/scissors/frame_0009.jpg,scissors
2691,webcam,frame_0008.jpg,/notebooks/office_31/webcam/images/scissors/frame_0008.jpg,scissors
2692,webcam,frame_0012.jpg,/notebooks/office_31/webcam/images/scissors/frame_0012.jpg,scissors
2693,webcam,frame_0024.jpg,/notebooks/office_31/webcam/images/scissors/frame_0024.jpg,scissors
2694,webcam,frame_0001.jpg,/notebooks/office_31/webcam/images/phone/frame_0001.jpg,phone
2695,webcam,frame_0016.jpg,/notebooks/office_31/webcam/images/phone/frame_0016.jpg,phone
2696,webcam,frame_0014.jpg,/notebooks/office_31/webcam/images/phone/frame_0014.jpg,phone
2697,webcam,frame_0012.jpg,/notebooks/office_31/webcam/images/phone/frame_0012.jpg,phone
2698,webcam,frame_0008.jpg,/notebooks/office_31/webcam/images/phone/frame_0008.jpg,phone
2699,webcam,frame_0013.jpg,/notebooks/office_31/webcam/images/phone/frame_0013.jpg,phone
2700,webcam,frame_0005.jpg,/notebooks/office_31/webcam/images/phone/frame_0005.jpg,phone
2701,webcam,frame_0009.jpg,/notebooks/office_31/webcam/images/phone/frame_0009.jpg,phone
2702,webcam,frame_0007.jpg,/notebooks/office_31/webcam/images/phone/frame_0007.jpg,phone
2703,webcam,frame_0011.jpg,/notebooks/office_31/webcam/images/phone/frame_0011.jpg,phone
2704,webcam,frame_0006.jpg,/notebooks/office_31/webcam/images/phone/frame_0006.jpg,phone
2705,webcam,frame_0021.jpg,/notebooks/office_31/webcam/images/stapler/frame_0021.jpg,stapler
2706,webcam,frame_0009.jpg,/notebooks/office_31/webcam/images/stapler/frame_0009.jpg,stapler
2707,webcam,frame_0017.jpg,/notebooks/office_31/webcam/images/stapler/frame_0017.jpg,stapler
2708,webcam,frame_0004.jpg,/notebooks/office_31/webcam/images/stapler/frame_0004.jpg,stapler
2709,webcam,frame_0001.jpg,/notebooks/office_31/webcam/images/stapler/frame_0001.jpg,stapler
2710,webcam,frame_0016.jpg,/notebooks/office_31/webcam/images/stapler/frame_0016.jpg,stapler
2711,webcam,frame_0012.jpg,/notebooks/office_31/webcam/images/stapler/frame_0012.jpg,stapler
2712,webcam,frame_0002.jpg,/notebooks/office_31/webcam/images/stapler/frame_0002.jpg,stapler
2713,webcam,frame_0013.jpg,/notebooks/office_31/webcam/images/stapler/frame_0013.jpg,stapler
2714,webcam,frame_0019.jpg,/notebooks/office_31/webcam/images/stapler/frame_0019.jpg,stapler
2715,webcam,frame_0007.jpg,/notebooks/office_31/webcam/images/stapler/frame_0007.jpg,stapler
2716,webcam,frame_0014.jpg,/notebooks/office_31/webcam/images/stapler/frame_0014.jpg,stapler
2717,webcam,frame_0005.jpg,/notebooks/office_31/webcam/images/stapler/frame_0005.jpg,stapler
2718,webcam,frame_0022.jpg,/notebooks/office_31/webcam/images/stapler/frame_0022.jpg,stapler
2719,webcam,frame_0018.jpg,/notebooks/office_31/webcam/images/stapler/frame_0018.jpg,stapler
2720,webcam,frame_0011.jpg,/notebooks/office_31/webcam/images/stapler/frame_0011.jpg,stapler
2721,webcam,frame_0007.jpg,/notebooks/office_31/webcam/images/projector/frame_0007.jpg,projector
2722,webcam,frame_0004.jpg,/notebooks/office_31/webcam/images/projector/frame_0004.jpg,projector
2723,webcam,frame_0009.jpg,/notebooks/office_31/webcam/images/projector/frame_0009.jpg,projector
2724,webcam,frame_0008.jpg,/notebooks/office_31/webcam/images/projector/frame_0008.jpg,projector
2725,webcam,frame_0002.jpg,/notebooks/office_31/webcam/images/projector/frame_0002.jpg,projector
2726,webcam,frame_0005.jpg,/notebooks/office_31/webcam/images/projector/frame_0005.jpg,projector
2727,webcam,frame_0006.jpg,/notebooks/office_31/webcam/images/projector/frame_0006.jpg,projector
2728,webcam,frame_0003.jpg,/notebooks/office_31/webcam/images/projector/frame_0003.jpg,projector
2729,webcam,frame_0001.jpg,/notebooks/office_31/webcam/images/projector/frame_0001.jpg,projector
2730,webcam,frame_0030.jpg,/notebooks/office_31/webcam/images/projector/frame_0030.jpg,projector
2731,webcam,frame_0028.jpg,/notebooks/office_31/webcam/images/projector/frame_0028.jpg,projector
2732,webcam,frame_0026.jpg,/notebooks/office_31/webcam/images/projector/frame_0026.jpg,projector
2733,webcam,frame_0015.jpg,/notebooks/office_31/webcam/images/projector/frame_0015.jpg,projector
2734,webcam,frame_0029.jpg,/notebooks/office_31/webcam/images/projector/frame_0029.jpg,projector
2735,webcam,frame_0024.jpg,/notebooks/office_31/webcam/images/projector/frame_0024.jpg,projector
2736,webcam,frame_0010.jpg,/notebooks/office_31/webcam/images/projector/frame_0010.jpg,projector
2737,webcam,frame_0016.jpg,/notebooks/office_31/webcam/images/projector/frame_0016.jpg,projector
2738,webcam,frame_0011.jpg,/notebooks/office_31/webcam/images/projector/frame_0011.jpg,projector
2739,webcam,frame_0013.jpg,/notebooks/office_31/webcam/images/projector/frame_0013.jpg,projector
2740,webcam,frame_0022.jpg,/notebooks/office_31/webcam/images/projector/frame_0022.jpg,projector
2741,webcam,frame_0020.jpg,/notebooks/office_31/webcam/images/projector/frame_0020.jpg,projector
2742,webcam,frame_0003.jpg,/notebooks/office_31/webcam/images/speaker/frame_0003.jpg,speaker
2743,webcam,frame_0001.jpg,/notebooks/office_31/webcam/images/speaker/frame_0001.jpg,speaker
2744,webcam,frame_0002.jpg,/notebooks/office_31/webcam/images/speaker/frame_0002.jpg,speaker
2745,webcam,frame_0025.jpg,/notebooks/office_31/webcam/images/speaker/frame_0025.jpg,speaker
2746,webcam,frame_0005.jpg,/notebooks/office_31/webcam/images/speaker/frame_0005.jpg,speaker
2747,webcam,frame_0018.jpg,/notebooks/office_31/webcam/images/speaker/frame_0018.jpg,speaker
2748,webcam,frame_0021.jpg,/notebooks/office_31/webcam/images/speaker/frame_0021.jpg,speaker
2749,webcam,frame_0022.jpg,/notebooks/office_31/webcam/images/speaker/frame_0022.jpg,speaker
2750,webcam,frame_0026.jpg,/notebooks/office_31/webcam/images/speaker/frame_0026.jpg,speaker
2751,webcam,frame_0012.jpg,/notebooks/office_31/webcam/images/speaker/frame_0012.jpg,speaker
2752,webcam,frame_0008.jpg,/notebooks/office_31/webcam/images/speaker/frame_0008.jpg,speaker
2753,webcam,frame_0016.jpg,/notebooks/office_31/webcam/images/speaker/frame_0016.jpg,speaker
2754,webcam,frame_0027.jpg,/notebooks/office_31/webcam/images/speaker/frame_0027.jpg,speaker
2755,webcam,frame_0006.jpg,/notebooks/office_31/webcam/images/speaker/frame_0006.jpg,speaker
2756,webcam,frame_0020.jpg,/notebooks/office_31/webcam/images/speaker/frame_0020.jpg,speaker
2757,webcam,frame_0014.jpg,/notebooks/office_31/webcam/images/speaker/frame_0014.jpg,speaker
2758,webcam,frame_0013.jpg,/notebooks/office_31/webcam/images/speaker/frame_0013.jpg,speaker
2759,webcam,frame_0019.jpg,/notebooks/office_31/webcam/images/speaker/frame_0019.jpg,speaker
2760,webcam,frame_0015.jpg,/notebooks/office_31/webcam/images/speaker/frame_0015.jpg,speaker
2761,webcam,frame_0023.jpg,/notebooks/office_31/webcam/images/speaker/frame_0023.jpg,speaker
2762,webcam,frame_0024.jpg,/notebooks/office_31/webcam/images/speaker/frame_0024.jpg,speaker
2763,webcam,frame_0001.jpg,/notebooks/office_31/webcam/images/punchers/frame_0001.jpg,punchers
2764,webcam,frame_0002.jpg,/notebooks/office_31/webcam/images/punchers/frame_0002.jpg,punchers
2765,webcam,frame_0003.jpg,/notebooks/office_31/webcam/images/punchers/frame_0003.jpg,punchers
2766,webcam,frame_0026.jpg,/notebooks/office_31/webcam/images/punchers/frame_0026.jpg,punchers
2767,webcam,frame_0005.jpg,/notebooks/office_31/webcam/images/punchers/frame_0005.jpg,punchers
2768,webcam,frame_0009.jpg,/notebooks/office_31/webcam/images/punchers/frame_0009.jpg,punchers
2769,webcam,frame_0006.jpg,/notebooks/office_31/webcam/images/punchers/frame_0006.jpg,punchers
2770,webcam,frame_0021.jpg,/notebooks/office_31/webcam/images/punchers/frame_0021.jpg,punchers
2771,webcam,frame_0024.jpg,/notebooks/office_31/webcam/images/punchers/frame_0024.jpg,punchers
2772,webcam,frame_0015.jpg,/notebooks/office_31/webcam/images/punchers/frame_0015.jpg,punchers
2773,webcam,frame_0019.jpg,/notebooks/office_31/webcam/images/punchers/frame_0019.jpg,punchers
2774,webcam,frame_0008.jpg,/notebooks/office_31/webcam/images/punchers/frame_0008.jpg,punchers
2775,webcam,frame_0018.jpg,/notebooks/office_31/webcam/images/punchers/frame_0018.jpg,punchers
2776,webcam,frame_0013.jpg,/notebooks/office_31/webcam/images/punchers/frame_0013.jpg,punchers
2777,webcam,frame_0027.jpg,/notebooks/office_31/webcam/images/punchers/frame_0027.jpg,punchers
2778,webcam,frame_0004.jpg,/notebooks/office_31/webcam/images/punchers/frame_0004.jpg,punchers
2779,webcam,frame_0017.jpg,/notebooks/office_31/webcam/images/punchers/frame_0017.jpg,punchers
2780,webcam,frame_0012.jpg,/notebooks/office_31/webcam/images/punchers/frame_0012.jpg,punchers
2781,webcam,frame_0001.jpg,/notebooks/office_31/webcam/images/ring_binder/frame_0001.jpg,ring_binder
2782,webcam,frame_0003.jpg,/notebooks/office_31/webcam/images/ring_binder/frame_0003.jpg,ring_binder
2783,webcam,frame_0002.jpg,/notebooks/office_31/webcam/images/ring_binder/frame_0002.jpg,ring_binder
2784,webcam,frame_0019.jpg,/notebooks/office_31/webcam/images/ring_binder/frame_0019.jpg,ring_binder
2785,webcam,frame_0006.jpg,/notebooks/office_31/webcam/images/ring_binder/frame_0006.jpg,ring_binder
2786,webcam,frame_0016.jpg,/notebooks/office_31/webcam/images/ring_binder/frame_0016.jpg,ring_binder
2787,webcam,frame_0022.jpg,/notebooks/office_31/webcam/images/ring_binder/frame_0022.jpg,ring_binder
2788,webcam,frame_0026.jpg,/notebooks/office_31/webcam/images/ring_binder/frame_0026.jpg,ring_binder
2789,webcam,frame_0015.jpg,/notebooks/office_31/webcam/images/ring_binder/frame_0015.jpg,ring_binder
2790,webcam,frame_0010.jpg,/notebooks/office_31/webcam/images/ring_binder/frame_0010.jpg,ring_binder
2791,webcam,frame_0020.jpg,/notebooks/office_31/webcam/images/ring_binder/frame_0020.jpg,ring_binder
2792,webcam,frame_0014.jpg,/notebooks/office_31/webcam/images/ring_binder/frame_0014.jpg,ring_binder
2793,webcam,frame_0023.jpg,/notebooks/office_31/webcam/images/ring_binder/frame_0023.jpg,ring_binder
2794,webcam,frame_0012.jpg,/notebooks/office_31/webcam/images/ring_binder/frame_0012.jpg,ring_binder
2795,webcam,frame_0004.jpg,/notebooks/office_31/webcam/images/ring_binder/frame_0004.jpg,ring_binder
2796,webcam,frame_0024.jpg,/notebooks/office_31/webcam/images/ring_binder/frame_0024.jpg,ring_binder
2797,webcam,frame_0025.jpg,/notebooks/office_31/webcam/images/ring_binder/frame_0025.jpg,ring_binder
2798,webcam,frame_0011.jpg,/notebooks/office_31/webcam/images/ring_binder/frame_0011.jpg,ring_binder
2799,webcam,frame_0005.jpg,/notebooks/office_31/webcam/images/ring_binder/frame_0005.jpg,ring_binder
2800,webcam,frame_0013.jpg,/notebooks/office_31/webcam/images/ring_binder/frame_0013.jpg,ring_binder
2801,webcam,frame_0021.jpg,/notebooks/office_31/webcam/images/ring_binder/frame_0021.jpg,ring_binder
2802,webcam,frame_0009.jpg,/notebooks/office_31/webcam/images/ring_binder/frame_0009.jpg,ring_binder
2803,webcam,frame_0018.jpg,/notebooks/office_31/webcam/images/ring_binder/frame_0018.jpg,ring_binder
2804,webcam,frame_0027.jpg,/notebooks/office_31/webcam/images/ring_binder/frame_0027.jpg,ring_binder
2805,webcam,frame_0008.jpg,/notebooks/office_31/webcam/images/ring_binder/frame_0008.jpg,ring_binder
2806,webcam,frame_0007.jpg,/notebooks/office_31/webcam/images/ring_binder/frame_0007.jpg,ring_binder
2807,webcam,frame_0017.jpg,/notebooks/office_31/webcam/images/ring_binder/frame_0017.jpg,ring_binder
2808,webcam,frame_0040.jpg,/notebooks/office_31/webcam/images/ring_binder/frame_0040.jpg,ring_binder
2809,webcam,frame_0002.jpg,/notebooks/office_31/webcam/images/tape_dispenser/frame_0002.jpg,tape_dispenser
2810,webcam,frame_0003.jpg,/notebooks/office_31/webcam/images/tape_dispenser/frame_0003.jpg,tape_dispenser
2811,webcam,frame_0001.jpg,/notebooks/office_31/webcam/images/tape_dispenser/frame_0001.jpg,tape_dispenser
2812,webcam,frame_0004.jpg,/notebooks/office_31/webcam/images/tape_dispenser/frame_0004.jpg,tape_dispenser
2813,webcam,frame_0010.jpg,/notebooks/office_31/webcam/images/tape_dispenser/frame_0010.jpg,tape_dispenser
2814,webcam,frame_0018.jpg,/notebooks/office_31/webcam/images/tape_dispenser/frame_0018.jpg,tape_dispenser
2815,webcam,frame_0017.jpg,/notebooks/office_31/webcam/images/tape_dispenser/frame_0017.jpg,tape_dispenser
2816,webcam,frame_0019.jpg,/notebooks/office_31/webcam/images/tape_dispenser/frame_0019.jpg,tape_dispenser
2817,webcam,frame_0005.jpg,/notebooks/office_31/webcam/images/tape_dispenser/frame_0005.jpg,tape_dispenser
2818,webcam,frame_0015.jpg,/notebooks/office_31/webcam/images/tape_dispenser/frame_0015.jpg,tape_dispenser
2819,webcam,frame_0007.jpg,/notebooks/office_31/webcam/images/tape_dispenser/frame_0007.jpg,tape_dispenser
2820,webcam,frame_0008.jpg,/notebooks/office_31/webcam/images/tape_dispenser/frame_0008.jpg,tape_dispenser
2821,webcam,frame_0014.jpg,/notebooks/office_31/webcam/images/tape_dispenser/frame_0014.jpg,tape_dispenser
2822,webcam,frame_0021.jpg,/notebooks/office_31/webcam/images/tape_dispenser/frame_0021.jpg,tape_dispenser
2823,webcam,frame_0016.jpg,/notebooks/office_31/webcam/images/tape_dispenser/frame_0016.jpg,tape_dispenser
2824,webcam,frame_0022.jpg,/notebooks/office_31/webcam/images/tape_dispenser/frame_0022.jpg,tape_dispenser
2825,webcam,frame_0013.jpg,/notebooks/office_31/webcam/images/trash_can/frame_0013.jpg,trash_can
2826,webcam,frame_0010.jpg,/notebooks/office_31/webcam/images/trash_can/frame_0010.jpg,trash_can
2827,webcam,frame_0005.jpg,/notebooks/office_31/webcam/images/trash_can/frame_0005.jpg,trash_can
2828,webcam,frame_0007.jpg,/notebooks/office_31/webcam/images/trash_can/frame_0007.jpg,trash_can
2829,webcam,frame_0011.jpg,/notebooks/office_31/webcam/images/trash_can/frame_0011.jpg,trash_can
2830,webcam,frame_0012.jpg,/notebooks/office_31/webcam/images/trash_can/frame_0012.jpg,trash_can
2831,webcam,frame_0003.jpg,/notebooks/office_31/webcam/images/trash_can/frame_0003.jpg,trash_can
2832,webcam,frame_0004.jpg,/notebooks/office_31/webcam/images/trash_can/frame_0004.jpg,trash_can
2833,webcam,frame_0006.jpg,/notebooks/office_31/webcam/images/trash_can/frame_0006.jpg,trash_can
2834,webcam,frame_0008.jpg,/notebooks/office_31/webcam/images/trash_can/frame_0008.jpg,trash_can
2835,webcam,frame_0002.jpg,/notebooks/office_31/webcam/images/trash_can/frame_0002.jpg,trash_can
2836,webcam,frame_0001.jpg,/notebooks/office_31/webcam/images/trash_can/frame_0001.jpg,trash_can
2837,webcam,frame_0009.jpg,/notebooks/office_31/webcam/images/trash_can/frame_0009.jpg,trash_can
2838,webcam,frame_0019.jpg,/notebooks/office_31/webcam/images/trash_can/frame_0019.jpg,trash_can
686,webcam,frame_0005.jpg,/notebooks/office_31/webcam/images/desktop_computer/frame_0005.jpg,desktop_computer
687,webcam,frame_0014.jpg,/notebooks/office_31/webcam/images/desktop_computer/frame_0014.jpg,desktop_computer
688,webcam,frame_0019.jpg,/notebooks/office_31/webcam/images/desktop_computer/frame_0019.jpg,desktop_computer
689,webcam,frame_0018.jpg,/notebooks/office_31/webcam/images/desktop_computer/frame_0018.jpg,desktop_computer
690,webcam,frame_0011.jpg,/notebooks/office_31/webcam/images/desktop_computer/frame_0011.jpg,desktop_computer
691,webcam,frame_0012.jpg,/notebooks/office_31/webcam/images/bookcase/frame_0012.jpg,bookcase
692,webcam,frame_0004.jpg,/notebooks/office_31/webcam/images/bookcase/frame_0004.jpg,bookcase
693,webcam,frame_0009.jpg,/notebooks/office_31/webcam/images/bookcase/frame_0009.jpg,bookcase
694,webcam,frame_0005.jpg,/notebooks/office_31/webcam/images/bike_helmet/frame_0005.jpg,bike_helmet
695,webcam,frame_0012.jpg,/notebooks/office_31/webcam/images/bike_helmet/frame_0012.jpg,bike_helmet
696,webcam,frame_0008.jpg,/notebooks/office_31/webcam/images/bike_helmet/frame_0008.jpg,bike_helmet
697,webcam,frame_0013.jpg,/notebooks/office_31/webcam/images/bike_helmet/frame_0013.jpg,bike_helmet
698,webcam,frame_0027.jpg,/notebooks/office_31/webcam/images/bike_helmet/frame_0027.jpg,bike_helmet
699,webcam,frame_0028.jpg,/notebooks/office_31/webcam/images/bike_helmet/frame_0028.jpg,bike_helmet
700,webcam,frame_0017.jpg,/notebooks/office_31/webcam/images/desk_lamp/frame_0017.jpg,desk_lamp
701,webcam,frame_0015.jpg,/notebooks/office_31/webcam/images/desk_lamp/frame_0015.jpg,desk_lamp
702,webcam,frame_0018.jpg,/notebooks/office_31/webcam/images/desk_lamp/frame_0018.jpg,desk_lamp
703,webcam,frame_0016.jpg,/notebooks/office_31/webcam/images/desk_lamp/frame_0016.jpg,desk_lamp
704,webcam,frame_0028.jpg,/notebooks/office_31/webcam/images/calculator/frame_0028.jpg,calculator
705,webcam,frame_0027.jpg,/notebooks/office_31/webcam/images/calculator/frame_0027.jpg,calculator
706,webcam,frame_0031.jpg,/notebooks/office_31/webcam/images/calculator/frame_0031.jpg,calculator
707,webcam,frame_0030.jpg,/notebooks/office_31/webcam/images/calculator/frame_0030.jpg,calculator
708,webcam,frame_0026.jpg,/notebooks/office_31/webcam/images/calculator/frame_0026.jpg,calculator
709,webcam,frame_0029.jpg,/notebooks/office_31/webcam/images/calculator/frame_0029.jpg,calculator
710,webcam,frame_0024.jpg,/notebooks/office_31/webcam/images/calculator/frame_0024.jpg,calculator
711,webcam,frame_0010.jpg,/notebooks/office_31/webcam/images/bike/frame_0010.jpg,bike
712,webcam,frame_0017.jpg,/notebooks/office_31/webcam/images/bike/frame_0017.jpg,bike
713,webcam,frame_0021.jpg,/notebooks/office_31/webcam/images/bike/frame_0021.jpg,bike
714,webcam,frame_0020.jpg,/notebooks/office_31/webcam/images/bike/frame_0020.jpg,bike
715,webcam,frame_0019.jpg,/notebooks/office_31/webcam/images/bike/frame_0019.jpg,bike
716,webcam,frame_0009.jpg,/notebooks/office_31/webcam/images/back_pack/frame_0009.jpg,back_pack
717,webcam,frame_0017.jpg,/notebooks/office_31/webcam/images/back_pack/frame_0017.jpg,back_pack
718,webcam,frame_0010.jpg,/notebooks/office_31/webcam/images/back_pack/frame_0010.jpg,back_pack
719,webcam,frame_0006.jpg,/notebooks/office_31/webcam/images/back_pack/frame_0006.jpg,back_pack
720,webcam,frame_0028.jpg,/notebooks/office_31/webcam/images/back_pack/frame_0028.jpg,back_pack
721,webcam,frame_0029.jpg,/notebooks/office_31/webcam/images/back_pack/frame_0029.jpg,back_pack
722,webcam,frame_0015.jpg,/notebooks/office_31/webcam/images/bottle/frame_0015.jpg,bottle
723,webcam,frame_0001.jpg,/notebooks/office_31/webcam/images/bottle/frame_0001.jpg,bottle
724,webcam,frame_0003.jpg,/notebooks/office_31/webcam/images/bottle/frame_0003.jpg,bottle
725,webcam,frame_0010.jpg,/notebooks/office_31/webcam/images/bottle/frame_0010.jpg,bottle
726,webcam,frame_0033.jpg,/notebooks/office_31/webcam/images/desk_chair/frame_0033.jpg,desk_chair
727,webcam,frame_0032.jpg,/notebooks/office_31/webcam/images/desk_chair/frame_0032.jpg,desk_chair
728,webcam,frame_0038.jpg,/notebooks/office_31/webcam/images/desk_chair/frame_0038.jpg,desk_chair
729,webcam,frame_0029.jpg,/notebooks/office_31/webcam/images/desk_chair/frame_0029.jpg,desk_chair
730,webcam,frame_0021.jpg,/notebooks/office_31/webcam/images/desk_chair/frame_0021.jpg,desk_chair
731,webcam,frame_0037.jpg,/notebooks/office_31/webcam/images/desk_chair/frame_0037.jpg,desk_chair
732,webcam,frame_0040.jpg,/notebooks/office_31/webcam/images/desk_chair/frame_0040.jpg,desk_chair
733,webcam,frame_0039.jpg,/notebooks/office_31/webcam/images/desk_chair/frame_0039.jpg,desk_chair
734,webcam,frame_0011.jpg,/notebooks/office_31/webcam/images/file_cabinet/frame_0011.jpg,file_cabinet
735,webcam,frame_0015.jpg,/notebooks/office_31/webcam/images/file_cabinet/frame_0015.jpg,file_cabinet
736,webcam,frame_0013.jpg,/notebooks/office_31/webcam/images/file_cabinet/frame_0013.jpg,file_cabinet
737,webcam,frame_0012.jpg,/notebooks/office_31/webcam/images/file_cabinet/frame_0012.jpg,file_cabinet
738,webcam,frame_0024.jpg,/notebooks/office_31/webcam/images/keyboard/frame_0024.jpg,keyboard
739,webcam,frame_0021.jpg,/notebooks/office_31/webcam/images/keyboard/frame_0021.jpg,keyboard
740,webcam,frame_0026.jpg,/notebooks/office_31/webcam/images/keyboard/frame_0026.jpg,keyboard
741,webcam,frame_0022.jpg,/notebooks/office_31/webcam/images/keyboard/frame_0022.jpg,keyboard
742,webcam,frame_0025.jpg,/notebooks/office_31/webcam/images/keyboard/frame_0025.jpg,keyboard
743,webcam,frame_0023.jpg,/notebooks/office_31/webcam/images/keyboard/frame_0023.jpg,keyboard
744,webcam,frame_0012.jpg,/notebooks/office_31/webcam/images/mug/frame_0012.jpg,mug
745,webcam,frame_0010.jpg,/notebooks/office_31/webcam/images/mug/frame_0010.jpg,mug
746,webcam,frame_0025.jpg,/notebooks/office_31/webcam/images/mug/frame_0025.jpg,mug
747,webcam,frame_0016.jpg,/notebooks/office_31/webcam/images/mug/frame_0016.jpg,mug
748,webcam,frame_0014.jpg,/notebooks/office_31/webcam/images/mug/frame_0014.jpg,mug
749,webcam,frame_0027.jpg,/notebooks/office_31/webcam/images/mug/frame_0027.jpg,mug
750,webcam,frame_0017.jpg,/notebooks/office_31/webcam/images/mouse/frame_0017.jpg,mouse
751,webcam,frame_0015.jpg,/notebooks/office_31/webcam/images/mouse/frame_0015.jpg,mouse
752,webcam,frame_0024.jpg,/notebooks/office_31/webcam/images/mouse/frame_0024.jpg,mouse
753,webcam,frame_0029.jpg,/notebooks/office_31/webcam/images/mouse/frame_0029.jpg,mouse
754,webcam,frame_0027.jpg,/notebooks/office_31/webcam/images/mouse/frame_0027.jpg,mouse
755,webcam,frame_0012.jpg,/notebooks/office_31/webcam/images/mouse/frame_0012.jpg,mouse
756,webcam,frame_0008.jpg,/notebooks/office_31/webcam/images/headphones/frame_0008.jpg,headphones
757,webcam,frame_0023.jpg,/notebooks/office_31/webcam/images/headphones/frame_0023.jpg,headphones
758,webcam,frame_0024.jpg,/notebooks/office_31/webcam/images/headphones/frame_0024.jpg,headphones
759,webcam,frame_0025.jpg,/notebooks/office_31/webcam/images/headphones/frame_0025.jpg,headphones
760,webcam,frame_0026.jpg,/notebooks/office_31/webcam/images/headphones/frame_0026.jpg,headphones
761,webcam,frame_0027.jpg,/notebooks/office_31/webcam/images/headphones/frame_0027.jpg,headphones
762,webcam,frame_0018.jpg,/notebooks/office_31/webcam/images/laptop_computer/frame_0018.jpg,laptop_computer
763,webcam,frame_0017.jpg,/notebooks/office_31/webcam/images/laptop_computer/frame_0017.jpg,laptop_computer
764,webcam,frame_0014.jpg,/notebooks/office_31/webcam/images/laptop_computer/frame_0014.jpg,laptop_computer
765,webcam,frame_0028.jpg,/notebooks/office_31/webcam/images/laptop_computer/frame_0028.jpg,laptop_computer
766,webcam,frame_0024.jpg,/notebooks/office_31/webcam/images/laptop_computer/frame_0024.jpg,laptop_computer
767,webcam,frame_0016.jpg,/notebooks/office_31/webcam/images/laptop_computer/frame_0016.jpg,laptop_computer
768,webcam,frame_0025.jpg,/notebooks/office_31/webcam/images/mobile_phone/frame_0025.jpg,mobile_phone
769,webcam,frame_0023.jpg,/notebooks/office_31/webcam/images/mobile_phone/frame_0023.jpg,mobile_phone
770,webcam,frame_0029.jpg,/notebooks/office_31/webcam/images/mobile_phone/frame_0029.jpg,mobile_phone
771,webcam,frame_0024.jpg,/notebooks/office_31/webcam/images/mobile_phone/frame_0024.jpg,mobile_phone
772,webcam,frame_0022.jpg,/notebooks/office_31/webcam/images/mobile_phone/frame_0022.jpg,mobile_phone
773,webcam,frame_0018.jpg,/notebooks/office_31/webcam/images/mobile_phone/frame_0018.jpg,mobile_phone
774,webcam,frame_0017.jpg,/notebooks/office_31/webcam/images/letter_tray/frame_0017.jpg,letter_tray
775,webcam,frame_0011.jpg,/notebooks/office_31/webcam/images/letter_tray/frame_0011.jpg,letter_tray
776,webcam,frame_0007.jpg,/notebooks/office_31/webcam/images/letter_tray/frame_0007.jpg,letter_tray
777,webcam,frame_0009.jpg,/notebooks/office_31/webcam/images/letter_tray/frame_0009.jpg,letter_tray
778,webcam,frame_0028.jpg,/notebooks/office_31/webcam/images/paper_notebook/frame_0028.jpg,paper_notebook
779,webcam,frame_0023.jpg,/notebooks/office_31/webcam/images/paper_notebook/frame_0023.jpg,paper_notebook
780,webcam,frame_0022.jpg,/notebooks/office_31/webcam/images/paper_notebook/frame_0022.jpg,paper_notebook
781,webcam,frame_0021.jpg,/notebooks/office_31/webcam/images/paper_notebook/frame_0021.jpg,paper_notebook
782,webcam,frame_0025.jpg,/notebooks/office_31/webcam/images/paper_notebook/frame_0025.jpg,paper_notebook
783,webcam,frame_0011.jpg,/notebooks/office_31/webcam/images/paper_notebook/frame_0011.jpg,paper_notebook
784,webcam,frame_0030.jpg,/notebooks/office_31/webcam/images/monitor/frame_0030.jpg,monitor
785,webcam,frame_0016.jpg,/notebooks/office_31/webcam/images/monitor/frame_0016.jpg,monitor
786,webcam,frame_0038.jpg,/notebooks/office_31/webcam/images/monitor/frame_0038.jpg,monitor
787,webcam,frame_0042.jpg,/notebooks/office_31/webcam/images/monitor/frame_0042.jpg,monitor
788,webcam,frame_0043.jpg,/notebooks/office_31/webcam/images/monitor/frame_0043.jpg,monitor
789,webcam,frame_0039.jpg,/notebooks/office_31/webcam/images/monitor/frame_0039.jpg,monitor
790,webcam,frame_0037.jpg,/notebooks/office_31/webcam/images/monitor/frame_0037.jpg,monitor
791,webcam,frame_0040.jpg,/notebooks/office_31/webcam/images/monitor/frame_0040.jpg,monitor
792,webcam,frame_0041.jpg,/notebooks/office_31/webcam/images/monitor/frame_0041.jpg,monitor
793,webcam,frame_0012.jpg,/notebooks/office_31/webcam/images/pen/frame_0012.jpg,pen
794,webcam,frame_0022.jpg,/notebooks/office_31/webcam/images/pen/frame_0022.jpg,pen
795,webcam,frame_0017.jpg,/notebooks/office_31/webcam/images/pen/frame_0017.jpg,pen
796,webcam,frame_0015.jpg,/notebooks/office_31/webcam/images/pen/frame_0015.jpg,pen
797,webcam,frame_0028.jpg,/notebooks/office_31/webcam/images/pen/frame_0028.jpg,pen
798,webcam,frame_0025.jpg,/notebooks/office_31/webcam/images/pen/frame_0025.jpg,pen
799,webcam,frame_0026.jpg,/notebooks/office_31/webcam/images/pen/frame_0026.jpg,pen
800,webcam,frame_0010.jpg,/notebooks/office_31/webcam/images/ruler/frame_0010.jpg,ruler
801,webcam,frame_0007.jpg,/notebooks/office_31/webcam/images/ruler/frame_0007.jpg,ruler
802,webcam,frame_0008.jpg,/notebooks/office_31/webcam/images/ruler/frame_0008.jpg,ruler
803,webcam,frame_0001.jpg,/notebooks/office_31/webcam/images/printer/frame_0001.jpg,printer
804,webcam,frame_0006.jpg,/notebooks/office_31/webcam/images/printer/frame_0006.jpg,printer
805,webcam,frame_0017.jpg,/notebooks/office_31/webcam/images/printer/frame_0017.jpg,printer
806,webcam,frame_0004.jpg,/notebooks/office_31/webcam/images/printer/frame_0004.jpg,printer
807,webcam,frame_0010.jpg,/notebooks/office_31/webcam/images/scissors/frame_0010.jpg,scissors
808,webcam,frame_0013.jpg,/notebooks/office_31/webcam/images/scissors/frame_0013.jpg,scissors
809,webcam,frame_0020.jpg,/notebooks/office_31/webcam/images/scissors/frame_0020.jpg,scissors
810,webcam,frame_0011.jpg,/notebooks/office_31/webcam/images/scissors/frame_0011.jpg,scissors
811,webcam,frame_0017.jpg,/notebooks/office_31/webcam/images/scissors/frame_0017.jpg,scissors
812,webcam,frame_0003.jpg,/notebooks/office_31/webcam/images/phone/frame_0003.jpg,phone
813,webcam,frame_0002.jpg,/notebooks/office_31/webcam/images/phone/frame_0002.jpg,phone
814,webcam,frame_0004.jpg,/notebooks/office_31/webcam/images/phone/frame_0004.jpg,phone
815,webcam,frame_0010.jpg,/notebooks/office_31/webcam/images/phone/frame_0010.jpg,phone
816,webcam,frame_0003.jpg,/notebooks/office_31/webcam/images/stapler/frame_0003.jpg,stapler
817,webcam,frame_0008.jpg,/notebooks/office_31/webcam/images/stapler/frame_0008.jpg,stapler
818,webcam,frame_0020.jpg,/notebooks/office_31/webcam/images/stapler/frame_0020.jpg,stapler
819,webcam,frame_0024.jpg,/notebooks/office_31/webcam/images/stapler/frame_0024.jpg,stapler
820,webcam,frame_0023.jpg,/notebooks/office_31/webcam/images/stapler/frame_0023.jpg,stapler
821,webcam,frame_0025.jpg,/notebooks/office_31/webcam/images/projector/frame_0025.jpg,projector
822,webcam,frame_0018.jpg,/notebooks/office_31/webcam/images/projector/frame_0018.jpg,projector
823,webcam,frame_0019.jpg,/notebooks/office_31/webcam/images/projector/frame_0019.jpg,projector
824,webcam,frame_0014.jpg,/notebooks/office_31/webcam/images/projector/frame_0014.jpg,projector
825,webcam,frame_0012.jpg,/notebooks/office_31/webcam/images/projector/frame_0012.jpg,projector
826,webcam,frame_0021.jpg,/notebooks/office_31/webcam/images/projector/frame_0021.jpg,projector
827,webcam,frame_0011.jpg,/notebooks/office_31/webcam/images/speaker/frame_0011.jpg,speaker
828,webcam,frame_0007.jpg,/notebooks/office_31/webcam/images/speaker/frame_0007.jpg,speaker
829,webcam,frame_0004.jpg,/notebooks/office_31/webcam/images/speaker/frame_0004.jpg,speaker
830,webcam,frame_0028.jpg,/notebooks/office_31/webcam/images/speaker/frame_0028.jpg,speaker
831,webcam,frame_0030.jpg,/notebooks/office_31/webcam/images/speaker/frame_0030.jpg,speaker
832,webcam,frame_0029.jpg,/notebooks/office_31/webcam/images/speaker/frame_0029.jpg,speaker
833,webcam,frame_0011.jpg,/notebooks/office_31/webcam/images/punchers/frame_0011.jpg,punchers
834,webcam,frame_0014.jpg,/notebooks/office_31/webcam/images/punchers/frame_0014.jpg,punchers
835,webcam,frame_0022.jpg,/notebooks/office_31/webcam/images/punchers/frame_0022.jpg,punchers
836,webcam,frame_0025.jpg,/notebooks/office_31/webcam/images/punchers/frame_0025.jpg,punchers
837,webcam,frame_0020.jpg,/notebooks/office_31/webcam/images/punchers/frame_0020.jpg,punchers
838,webcam,frame_0007.jpg,/notebooks/office_31/webcam/images/punchers/frame_0007.jpg,punchers
839,webcam,frame_0039.jpg,/notebooks/office_31/webcam/images/ring_binder/frame_0039.jpg,ring_binder
840,webcam,frame_0034.jpg,/notebooks/office_31/webcam/images/ring_binder/frame_0034.jpg,ring_binder
841,webcam,frame_0030.jpg,/notebooks/office_31/webcam/images/ring_binder/frame_0030.jpg,ring_binder
842,webcam,frame_0037.jpg,/notebooks/office_31/webcam/images/ring_binder/frame_0037.jpg,ring_binder
843,webcam,frame_0033.jpg,/notebooks/office_31/webcam/images/ring_binder/frame_0033.jpg,ring_binder
844,webcam,frame_0038.jpg,/notebooks/office_31/webcam/images/ring_binder/frame_0038.jpg,ring_binder
845,webcam,frame_0035.jpg,/notebooks/office_31/webcam/images/ring_binder/frame_0035.jpg,ring_binder
846,webcam,frame_0032.jpg,/notebooks/office_31/webcam/images/ring_binder/frame_0032.jpg,ring_binder
847,webcam,frame_0023.jpg,/notebooks/office_31/webcam/images/tape_dispenser/frame_0023.jpg,tape_dispenser
848,webcam,frame_0020.jpg,/notebooks/office_31/webcam/images/tape_dispenser/frame_0020.jpg,tape_dispenser
849,webcam,frame_0011.jpg,/notebooks/office_31/webcam/images/tape_dispenser/frame_0011.jpg,tape_dispenser
850,webcam,frame_0009.jpg,/notebooks/office_31/webcam/images/tape_dispenser/frame_0009.jpg,tape_dispenser
851,webcam,frame_0006.jpg,/notebooks/office_31/webcam/images/tape_dispenser/frame_0006.jpg,tape_dispenser
852,webcam,frame_0014.jpg,/notebooks/office_31/webcam/images/trash_can/frame_0014.jpg,trash_can
853,webcam,frame_0021.jpg,/notebooks/office_31/webcam/images/trash_can/frame_0021.jpg,trash_can
854,webcam,frame_0017.jpg,/notebooks/office_31/webcam/images/trash_can/frame_0017.jpg,trash_can
855,webcam,frame_0020.jpg,/notebooks/office_31/webcam/images/trash_can/frame_0020.jpg,trash_can
856,webcam,frame_0018.jpg,/notebooks/office_31/webcam/images/trash_can/frame_0018.jpg,trash_can
334,webcam,frame_0021.jpg,/notebooks/office_31/webcam/images/desktop_computer/frame_0021.jpg,desktop_computer
335,webcam,frame_0015.jpg,/notebooks/office_31/webcam/images/desktop_computer/frame_0015.jpg,desktop_computer
336,webcam,frame_0007.jpg,/notebooks/office_31/webcam/images/bookcase/frame_0007.jpg,bookcase
337,webcam,frame_0009.jpg,/notebooks/office_31/webcam/images/bike_helmet/frame_0009.jpg,bike_helmet
338,webcam,frame_0016.jpg,/notebooks/office_31/webcam/images/bike_helmet/frame_0016.jpg,bike_helmet
339,webcam,frame_0024.jpg,/notebooks/office_31/webcam/images/bike_helmet/frame_0024.jpg,bike_helmet
340,webcam,frame_0010.jpg,/notebooks/office_31/webcam/images/desk_lamp/frame_0010.jpg,desk_lamp
341,webcam,frame_0014.jpg,/notebooks/office_31/webcam/images/desk_lamp/frame_0014.jpg,desk_lamp
342,webcam,frame_0021.jpg,/notebooks/office_31/webcam/images/calculator/frame_0021.jpg,calculator
343,webcam,frame_0007.jpg,/notebooks/office_31/webcam/images/calculator/frame_0007.jpg,calculator
344,webcam,frame_0025.jpg,/notebooks/office_31/webcam/images/calculator/frame_0025.jpg,calculator
345,webcam,frame_0015.jpg,/notebooks/office_31/webcam/images/bike/frame_0015.jpg,bike
346,webcam,frame_0004.jpg,/notebooks/office_31/webcam/images/bike/frame_0004.jpg,bike
347,webcam,frame_0024.jpg,/notebooks/office_31/webcam/images/back_pack/frame_0024.jpg,back_pack
348,webcam,frame_0022.jpg,/notebooks/office_31/webcam/images/back_pack/frame_0022.jpg,back_pack
349,webcam,frame_0027.jpg,/notebooks/office_31/webcam/images/back_pack/frame_0027.jpg,back_pack
350,webcam,frame_0016.jpg,/notebooks/office_31/webcam/images/bottle/frame_0016.jpg,bottle
351,webcam,frame_0017.jpg,/notebooks/office_31/webcam/images/desk_chair/frame_0017.jpg,desk_chair
352,webcam,frame_0030.jpg,/notebooks/office_31/webcam/images/desk_chair/frame_0030.jpg,desk_chair
353,webcam,frame_0027.jpg,/notebooks/office_31/webcam/images/desk_chair/frame_0027.jpg,desk_chair
354,webcam,frame_0026.jpg,/notebooks/office_31/webcam/images/desk_chair/frame_0026.jpg,desk_chair
355,webcam,frame_0014.jpg,/notebooks/office_31/webcam/images/file_cabinet/frame_0014.jpg,file_cabinet
356,webcam,frame_0019.jpg,/notebooks/office_31/webcam/images/file_cabinet/frame_0019.jpg,file_cabinet
357,webcam,frame_0019.jpg,/notebooks/office_31/webcam/images/keyboard/frame_0019.jpg,keyboard
358,webcam,frame_0027.jpg,/notebooks/office_31/webcam/images/keyboard/frame_0027.jpg,keyboard
359,webcam,frame_0020.jpg,/notebooks/office_31/webcam/images/keyboard/frame_0020.jpg,keyboard
360,webcam,frame_0024.jpg,/notebooks/office_31/webcam/images/mug/frame_0024.jpg,mug
361,webcam,frame_0020.jpg,/notebooks/office_31/webcam/images/mug/frame_0020.jpg,mug
362,webcam,frame_0019.jpg,/notebooks/office_31/webcam/images/mug/frame_0019.jpg,mug
363,webcam,frame_0025.jpg,/notebooks/office_31/webcam/images/mouse/frame_0025.jpg,mouse
364,webcam,frame_0021.jpg,/notebooks/office_31/webcam/images/mouse/frame_0021.jpg,mouse
365,webcam,frame_0013.jpg,/notebooks/office_31/webcam/images/mouse/frame_0013.jpg,mouse
366,webcam,frame_0003.jpg,/notebooks/office_31/webcam/images/headphones/frame_0003.jpg,headphones
367,webcam,frame_0007.jpg,/notebooks/office_31/webcam/images/headphones/frame_0007.jpg,headphones
368,webcam,frame_0018.jpg,/notebooks/office_31/webcam/images/headphones/frame_0018.jpg,headphones
369,webcam,frame_0023.jpg,/notebooks/office_31/webcam/images/laptop_computer/frame_0023.jpg,laptop_computer
370,webcam,frame_0012.jpg,/notebooks/office_31/webcam/images/laptop_computer/frame_0012.jpg,laptop_computer
371,webcam,frame_0021.jpg,/notebooks/office_31/webcam/images/laptop_computer/frame_0021.jpg,laptop_computer
372,webcam,frame_0019.jpg,/notebooks/office_31/webcam/images/mobile_phone/frame_0019.jpg,mobile_phone
373,webcam,frame_0021.jpg,/notebooks/office_31/webcam/images/mobile_phone/frame_0021.jpg,mobile_phone
374,webcam,frame_0020.jpg,/notebooks/office_31/webcam/images/mobile_phone/frame_0020.jpg,mobile_phone
375,webcam,frame_0013.jpg,/notebooks/office_31/webcam/images/letter_tray/frame_0013.jpg,letter_tray
376,webcam,frame_0008.jpg,/notebooks/office_31/webcam/images/letter_tray/frame_0008.jpg,letter_tray
377,webcam,frame_0018.jpg,/notebooks/office_31/webcam/images/paper_notebook/frame_0018.jpg,paper_notebook
378,webcam,frame_0009.jpg,/notebooks/office_31/webcam/images/paper_notebook/frame_0009.jpg,paper_notebook
379,webcam,frame_0027.jpg,/notebooks/office_31/webcam/images/paper_notebook/frame_0027.jpg,paper_notebook
380,webcam,frame_0027.jpg,/notebooks/office_31/webcam/images/monitor/frame_0027.jpg,monitor
381,webcam,frame_0014.jpg,/notebooks/office_31/webcam/images/monitor/frame_0014.jpg,monitor
382,webcam,frame_0021.jpg,/notebooks/office_31/webcam/images/monitor/frame_0021.jpg,monitor
383,webcam,frame_0019.jpg,/notebooks/office_31/webcam/images/monitor/frame_0019.jpg,monitor
384,webcam,frame_0027.jpg,/notebooks/office_31/webcam/images/pen/frame_0027.jpg,pen
385,webcam,frame_0020.jpg,/notebooks/office_31/webcam/images/pen/frame_0020.jpg,pen
386,webcam,frame_0013.jpg,/notebooks/office_31/webcam/images/pen/frame_0013.jpg,pen
387,webcam,frame_0006.jpg,/notebooks/office_31/webcam/images/ruler/frame_0006.jpg,ruler
388,webcam,frame_0012.jpg,/notebooks/office_31/webcam/images/printer/frame_0012.jpg,printer
389,webcam,frame_0016.jpg,/notebooks/office_31/webcam/images/printer/frame_0016.jpg,printer
390,webcam,frame_0007.jpg,/notebooks/office_31/webcam/images/scissors/frame_0007.jpg,scissors
391,webcam,frame_0021.jpg,/notebooks/office_31/webcam/images/scissors/frame_0021.jpg,scissors
392,webcam,frame_0014.jpg,/notebooks/office_31/webcam/images/scissors/frame_0014.jpg,scissors
393,webcam,frame_0015.jpg,/notebooks/office_31/webcam/images/phone/frame_0015.jpg,phone
394,webcam,frame_0015.jpg,/notebooks/office_31/webcam/images/stapler/frame_0015.jpg,stapler
395,webcam,frame_0010.jpg,/notebooks/office_31/webcam/images/stapler/frame_0010.jpg,stapler
396,webcam,frame_0006.jpg,/notebooks/office_31/webcam/images/stapler/frame_0006.jpg,stapler
397,webcam,frame_0017.jpg,/notebooks/office_31/webcam/images/projector/frame_0017.jpg,projector
398,webcam,frame_0023.jpg,/notebooks/office_31/webcam/images/projector/frame_0023.jpg,projector
399,webcam,frame_0027.jpg,/notebooks/office_31/webcam/images/projector/frame_0027.jpg,projector
400,webcam,frame_0010.jpg,/notebooks/office_31/webcam/images/speaker/frame_0010.jpg,speaker
401,webcam,frame_0017.jpg,/notebooks/office_31/webcam/images/speaker/frame_0017.jpg,speaker
402,webcam,frame_0009.jpg,/notebooks/office_31/webcam/images/speaker/frame_0009.jpg,speaker
403,webcam,frame_0023.jpg,/notebooks/office_31/webcam/images/punchers/frame_0023.jpg,punchers
404,webcam,frame_0010.jpg,/notebooks/office_31/webcam/images/punchers/frame_0010.jpg,punchers
405,webcam,frame_0016.jpg,/notebooks/office_31/webcam/images/punchers/frame_0016.jpg,punchers
406,webcam,frame_0031.jpg,/notebooks/office_31/webcam/images/ring_binder/frame_0031.jpg,ring_binder
407,webcam,frame_0036.jpg,/notebooks/office_31/webcam/images/ring_binder/frame_0036.jpg,ring_binder
408,webcam,frame_0029.jpg,/notebooks/office_31/webcam/images/ring_binder/frame_0029.jpg,ring_binder
409,webcam,frame_0028.jpg,/notebooks/office_31/webcam/images/ring_binder/frame_0028.jpg,ring_binder
410,webcam,frame_0013.jpg,/notebooks/office_31/webcam/images/tape_dispenser/frame_0013.jpg,tape_dispenser
411,webcam,frame_0012.jpg,/notebooks/office_31/webcam/images/tape_dispenser/frame_0012.jpg,tape_dispenser
412,webcam,frame_0016.jpg,/notebooks/office_31/webcam/images/trash_can/frame_0016.jpg,trash_can
413,webcam,frame_0015.jpg,/notebooks/office_31/webcam/images/trash_can/frame_0015.jpg,trash_can
